{
  "analyzed_tweets": [
    {
      "id": "1866617225383383191",
      "text": "@MarioNawfal \ud83d\ude02",
      "created_at": "2024-12-10T22:53:21.000Z",
      "sentiment": {
        "label": "neutral",
        "score": 0.7389
      },
      "emotion": {
        "label": "neutral",
        "score": 0.7007
      },
      "analyzed_at": "2024-12-10T18:39:20.883264"
    },
    {
      "id": "1866617138540319193",
      "text": "\ud83d\ude02 https://t.co/Qi11zInDzx",
      "created_at": "2024-12-10T22:53:00.000Z",
      "sentiment": {
        "label": "neutral",
        "score": 0.7639
      },
      "emotion": {
        "label": "neutral",
        "score": 0.9058
      },
      "analyzed_at": "2024-12-10T18:39:20.957246"
    },
    {
      "id": "1866617058768961968",
      "text": "@OwenSparks_ @Tesla_AI Very few manually driven cars will be sold in the future",
      "created_at": "2024-12-10T22:52:41.000Z",
      "sentiment": {
        "label": "neutral",
        "score": 0.6498
      },
      "emotion": {
        "label": "fear",
        "score": 0.3854
      },
      "analyzed_at": "2024-12-10T18:39:21.034832"
    },
    {
      "id": "1866616090450899020",
      "text": "@TuckerCarlson !!",
      "created_at": "2024-12-10T22:48:50.000Z",
      "sentiment": {
        "label": "neutral",
        "score": 0.7703
      },
      "emotion": {
        "label": "surprise",
        "score": 0.388
      },
      "analyzed_at": "2024-12-10T18:39:21.112743"
    },
    {
      "id": "1866603416002396250",
      "text": "@AutismCapital How much have we sent so far? This is getting beyond crazy.",
      "created_at": "2024-12-10T21:58:28.000Z",
      "sentiment": {
        "label": "negative",
        "score": 0.776
      },
      "emotion": {
        "label": "surprise",
        "score": 0.8906
      },
      "analyzed_at": "2024-12-10T18:39:21.181241"
    },
    {
      "id": "1866603083608043888",
      "text": "@kylenabecker \ud83e\udd2e",
      "created_at": "2024-12-10T21:57:09.000Z",
      "sentiment": {
        "label": "negative",
        "score": 0.6766
      },
      "emotion": {
        "label": "neutral",
        "score": 0.4686
      },
      "analyzed_at": "2024-12-10T18:39:22.032499"
    },
    {
      "id": "1866600274116350160",
      "text": "@SawyerMerritt Achieving a general solution to autonomy is a very hard problem, especially doing so without making the car super expensive",
      "created_at": "2024-12-10T21:45:59.000Z",
      "sentiment": {
        "label": "neutral",
        "score": 0.468
      },
      "emotion": {
        "label": "sadness",
        "score": 0.6444
      },
      "analyzed_at": "2024-12-10T18:39:22.280585"
    },
    {
      "id": "1866599901913821336",
      "text": "@SawyerMerritt \ud83e\udd70",
      "created_at": "2024-12-10T21:44:31.000Z",
      "sentiment": {
        "label": "positive",
        "score": 0.8958
      },
      "emotion": {
        "label": "joy",
        "score": 0.3345
      },
      "analyzed_at": "2024-12-10T18:39:22.357976"
    },
    {
      "id": "1866589554947359185",
      "text": "@tim_cook Cool",
      "created_at": "2024-12-10T21:03:24.000Z",
      "sentiment": {
        "label": "positive",
        "score": 0.5469
      },
      "emotion": {
        "label": "neutral",
        "score": 0.7615
      },
      "analyzed_at": "2024-12-10T18:39:22.580601"
    },
    {
      "id": "1866572304320466985",
      "text": "RT @chamath: Meanwhile the State of California is going to spend almost double this ($35B) to build a 171 mile stretch of rail between Merc\u2026",
      "created_at": "2024-12-10T19:54:51.000Z",
      "sentiment": {
        "label": "neutral",
        "score": 0.7451
      },
      "emotion": {
        "label": "neutral",
        "score": 0.6398
      },
      "analyzed_at": "2024-12-10T18:39:22.673410"
    },
    {
      "id": "1866571568266219998",
      "text": "This is awesome \ud83d\ude80\ud83c\uddfa\ud83c\uddf8 https://t.co/v7CgpLcaLr",
      "created_at": "2024-12-10T19:51:55.000Z",
      "sentiment": {
        "label": "positive",
        "score": 0.987
      },
      "emotion": {
        "label": "joy",
        "score": 0.7773
      },
      "analyzed_at": "2024-12-10T18:39:22.745314"
    },
    {
      "id": "1866571416969285954",
      "text": "@ajtourville @Tesla I\u2019ve always felt that the climate predictions were too pessimistic and bound to backfire. \n\nExtreme environmentalists can\u2019t say ridiculous things like the world is doomed in 5 years, because 5 years goes by, the world is ok and they lose credibility. \n\nIf we transition to\u2026 https://t.co/nr17TZMCxI",
      "created_at": "2024-12-10T19:51:19.000Z",
      "sentiment": {
        "label": "negative",
        "score": 0.7303
      },
      "emotion": {
        "label": "fear",
        "score": 0.8546
      },
      "analyzed_at": "2024-12-10T18:39:22.851764"
    },
    {
      "id": "1866569957309603946",
      "text": "@shaunmmaguire Yes, please. This is gone on for too long. Enough.",
      "created_at": "2024-12-10T19:45:31.000Z",
      "sentiment": {
        "label": "negative",
        "score": 0.7145
      },
      "emotion": {
        "label": "neutral",
        "score": 0.5918
      },
      "analyzed_at": "2024-12-10T18:39:22.940423"
    },
    {
      "id": "1866569078539948491",
      "text": "@FatEmperor \ud83d\ude02",
      "created_at": "2024-12-10T19:42:02.000Z",
      "sentiment": {
        "label": "neutral",
        "score": 0.4969
      },
      "emotion": {
        "label": "neutral",
        "score": 0.7145
      },
      "analyzed_at": "2024-12-10T18:39:22.979554"
    },
    {
      "id": "1866554579925577793",
      "text": "@cb_doge I\u2019m not buying or building a house anywhere",
      "created_at": "2024-12-10T18:44:25.000Z",
      "sentiment": {
        "label": "negative",
        "score": 0.6715
      },
      "emotion": {
        "label": "neutral",
        "score": 0.5387
      },
      "analyzed_at": "2024-12-10T18:39:23.072856"
    },
    {
      "id": "1866536009833361915",
      "text": "RT @amuse: https://t.co/kUBYaLSItk",
      "created_at": "2024-12-10T17:30:37.000Z",
      "sentiment": {
        "label": "neutral",
        "score": 0.8342
      },
      "emotion": {
        "label": "neutral",
        "score": 0.883
      },
      "analyzed_at": "2024-12-10T18:39:23.112572"
    },
    {
      "id": "1866535704924483739",
      "text": "@benshapiro \ud83d\ude02",
      "created_at": "2024-12-10T17:29:25.000Z",
      "sentiment": {
        "label": "neutral",
        "score": 0.7018
      },
      "emotion": {
        "label": "neutral",
        "score": 0.7253
      },
      "analyzed_at": "2024-12-10T18:39:23.163004"
    },
    {
      "id": "1866535550632550854",
      "text": "@AutismCapital \ud83d\ude02",
      "created_at": "2024-12-10T17:28:48.000Z",
      "sentiment": {
        "label": "neutral",
        "score": 0.6727
      },
      "emotion": {
        "label": "neutral",
        "score": 0.5336
      },
      "analyzed_at": "2024-12-10T18:39:23.196140"
    },
    {
      "id": "1866535352024043804",
      "text": "@JDVance Yes",
      "created_at": "2024-12-10T17:28:01.000Z",
      "sentiment": {
        "label": "neutral",
        "score": 0.6645
      },
      "emotion": {
        "label": "neutral",
        "score": 0.7258
      },
      "analyzed_at": "2024-12-10T18:39:23.237958"
    },
    {
      "id": "1866535236840067407",
      "text": "RT @pbeisel: https://t.co/KeudyzuHvu",
      "created_at": "2024-12-10T17:27:33.000Z",
      "sentiment": {
        "label": "neutral",
        "score": 0.8565
      },
      "emotion": {
        "label": "neutral",
        "score": 0.8753
      },
      "analyzed_at": "2024-12-10T18:39:23.275173"
    }
  ]
}