{"tweets":[{"created_at":"2024-12-10T22:53:21.000Z","id":"1866617225383383191","edit_history_tweet_ids":["1866617225383383191"],"text":"@MarioNawfal 😂"},{"created_at":"2024-12-10T22:53:00.000Z","id":"1866617138540319193","edit_history_tweet_ids":["1866617138540319193"],"text":"😂 https://t.co/Qi11zInDzx"},{"created_at":"2024-12-10T22:52:41.000Z","id":"1866617058768961968","edit_history_tweet_ids":["1866617058768961968"],"text":"@OwenSparks_ @Tesla_AI Very few manually driven cars will be sold in the future"},{"created_at":"2024-12-10T22:48:50.000Z","id":"1866616090450899020","edit_history_tweet_ids":["1866616090450899020"],"text":"@TuckerCarlson !!"},{"created_at":"2024-12-10T21:58:28.000Z","id":"1866603416002396250","edit_history_tweet_ids":["1866603416002396250"],"text":"@AutismCapital How much have we sent so far? This is getting beyond crazy."},{"created_at":"2024-12-10T21:57:09.000Z","id":"1866603083608043888","edit_history_tweet_ids":["1866603083608043888"],"text":"@kylenabecker 🤮"},{"created_at":"2024-12-10T21:45:59.000Z","id":"1866600274116350160","edit_history_tweet_ids":["1866600274116350160"],"text":"@SawyerMerritt Achieving a general solution to autonomy is a very hard problem, especially doing so without making the car super expensive"},{"created_at":"2024-12-10T21:44:31.000Z","id":"1866599901913821336","edit_history_tweet_ids":["1866599901913821336"],"text":"@SawyerMerritt 🥰"},{"created_at":"2024-12-10T21:03:24.000Z","id":"1866589554947359185","edit_history_tweet_ids":["1866589554947359185"],"text":"@tim_cook Cool"},{"created_at":"2024-12-10T19:54:51.000Z","id":"1866572304320466985","edit_history_tweet_ids":["1866572304320466985"],"text":"RT @chamath: Meanwhile the State of California is going to spend almost double this ($35B) to build a 171 mile stretch of rail between Merc…"},{"created_at":"2024-12-10T19:51:55.000Z","id":"1866571568266219998","edit_history_tweet_ids":["1866571568266219998"],"text":"This is awesome 🚀🇺🇸 https://t.co/v7CgpLcaLr"},{"created_at":"2024-12-10T19:51:19.000Z","id":"1866571416969285954","edit_history_tweet_ids":["1866571416969285954"],"text":"@ajtourville @Tesla I’ve always felt that the climate predictions were too pessimistic and bound to backfire. \n\nExtreme environmentalists can’t say ridiculous things like the world is doomed in 5 years, because 5 years goes by, the world is ok and they lose credibility. \n\nIf we transition to… https://t.co/nr17TZMCxI"},{"created_at":"2024-12-10T19:45:31.000Z","id":"1866569957309603946","edit_history_tweet_ids":["1866569957309603946"],"text":"@shaunmmaguire Yes, please. This is gone on for too long. Enough."},{"created_at":"2024-12-10T19:42:02.000Z","id":"1866569078539948491","edit_history_tweet_ids":["1866569078539948491"],"text":"@FatEmperor 😂"},{"created_at":"2024-12-10T18:44:25.000Z","id":"1866554579925577793","edit_history_tweet_ids":["1866554579925577793"],"text":"@cb_doge I’m not buying or building a house anywhere"},{"created_at":"2024-12-10T17:30:37.000Z","id":"1866536009833361915","edit_history_tweet_ids":["1866536009833361915"],"text":"RT @amuse: https://t.co/kUBYaLSItk"},{"created_at":"2024-12-10T17:29:25.000Z","id":"1866535704924483739","edit_history_tweet_ids":["1866535704924483739"],"text":"@benshapiro 😂"},{"created_at":"2024-12-10T17:28:48.000Z","id":"1866535550632550854","edit_history_tweet_ids":["1866535550632550854"],"text":"@AutismCapital 😂"},{"created_at":"2024-12-10T17:28:01.000Z","id":"1866535352024043804","edit_history_tweet_ids":["1866535352024043804"],"text":"@JDVance Yes"},{"created_at":"2024-12-10T17:27:33.000Z","id":"1866535236840067407","edit_history_tweet_ids":["1866535236840067407"],"text":"RT @pbeisel: https://t.co/KeudyzuHvu"}]}